{
	"partitions" : [
		{
			"name" : "Top",
			"pins" : [
				{
					"name" : "ARdata[0]",
					"strict" : false
				},
				{
					"name" : "ARdata[1]",
					"strict" : false
				},
				{
					"name" : "ARdata[2]",
					"strict" : false
				},
				{
					"name" : "ARdata[3]",
					"strict" : false
				},
				{
					"name" : "ARdata[4]",
					"strict" : false
				},
				{
					"name" : "ARdata[5]",
					"strict" : false
				},
				{
					"name" : "ARdata[6]",
					"strict" : false
				},
				{
					"name" : "ARdata[7]",
					"strict" : false
				},
				{
					"name" : "ARdata[8]",
					"strict" : false
				},
				{
					"name" : "ARdata[9]",
					"strict" : false
				},
				{
					"name" : "ARdata[10]",
					"strict" : false
				},
				{
					"name" : "ARdata[11]",
					"strict" : false
				},
				{
					"name" : "ARdata[12]",
					"strict" : false
				},
				{
					"name" : "ARdata[13]",
					"strict" : false
				},
				{
					"name" : "ARdata[14]",
					"strict" : false
				},
				{
					"name" : "ARdata[15]",
					"strict" : false
				},
				{
					"name" : "PCdata[0]",
					"strict" : false
				},
				{
					"name" : "PCdata[1]",
					"strict" : false
				},
				{
					"name" : "PCdata[2]",
					"strict" : false
				},
				{
					"name" : "PCdata[3]",
					"strict" : false
				},
				{
					"name" : "PCdata[4]",
					"strict" : false
				},
				{
					"name" : "PCdata[5]",
					"strict" : false
				},
				{
					"name" : "PCdata[6]",
					"strict" : false
				},
				{
					"name" : "PCdata[7]",
					"strict" : false
				},
				{
					"name" : "PCdata[8]",
					"strict" : false
				},
				{
					"name" : "PCdata[9]",
					"strict" : false
				},
				{
					"name" : "PCdata[10]",
					"strict" : false
				},
				{
					"name" : "PCdata[11]",
					"strict" : false
				},
				{
					"name" : "PCdata[12]",
					"strict" : false
				},
				{
					"name" : "PCdata[13]",
					"strict" : false
				},
				{
					"name" : "PCdata[14]",
					"strict" : false
				},
				{
					"name" : "PCdata[15]",
					"strict" : false
				},
				{
					"name" : "DRdata[0]",
					"strict" : false
				},
				{
					"name" : "DRdata[1]",
					"strict" : false
				},
				{
					"name" : "DRdata[2]",
					"strict" : false
				},
				{
					"name" : "DRdata[3]",
					"strict" : false
				},
				{
					"name" : "DRdata[4]",
					"strict" : false
				},
				{
					"name" : "DRdata[5]",
					"strict" : false
				},
				{
					"name" : "DRdata[6]",
					"strict" : false
				},
				{
					"name" : "DRdata[7]",
					"strict" : false
				},
				{
					"name" : "ACdata[0]",
					"strict" : false
				},
				{
					"name" : "ACdata[1]",
					"strict" : false
				},
				{
					"name" : "ACdata[2]",
					"strict" : false
				},
				{
					"name" : "ACdata[3]",
					"strict" : false
				},
				{
					"name" : "ACdata[4]",
					"strict" : false
				},
				{
					"name" : "ACdata[5]",
					"strict" : false
				},
				{
					"name" : "ACdata[6]",
					"strict" : false
				},
				{
					"name" : "ACdata[7]",
					"strict" : false
				},
				{
					"name" : "IRdata[0]",
					"strict" : false
				},
				{
					"name" : "IRdata[1]",
					"strict" : false
				},
				{
					"name" : "IRdata[2]",
					"strict" : false
				},
				{
					"name" : "IRdata[3]",
					"strict" : false
				},
				{
					"name" : "IRdata[4]",
					"strict" : false
				},
				{
					"name" : "IRdata[5]",
					"strict" : false
				},
				{
					"name" : "IRdata[6]",
					"strict" : false
				},
				{
					"name" : "IRdata[7]",
					"strict" : false
				},
				{
					"name" : "TRdata[0]",
					"strict" : false
				},
				{
					"name" : "TRdata[1]",
					"strict" : false
				},
				{
					"name" : "TRdata[2]",
					"strict" : false
				},
				{
					"name" : "TRdata[3]",
					"strict" : false
				},
				{
					"name" : "TRdata[4]",
					"strict" : false
				},
				{
					"name" : "TRdata[5]",
					"strict" : false
				},
				{
					"name" : "TRdata[6]",
					"strict" : false
				},
				{
					"name" : "TRdata[7]",
					"strict" : false
				},
				{
					"name" : "RRdata[0]",
					"strict" : false
				},
				{
					"name" : "RRdata[1]",
					"strict" : false
				},
				{
					"name" : "RRdata[2]",
					"strict" : false
				},
				{
					"name" : "RRdata[3]",
					"strict" : false
				},
				{
					"name" : "RRdata[4]",
					"strict" : false
				},
				{
					"name" : "RRdata[5]",
					"strict" : false
				},
				{
					"name" : "RRdata[6]",
					"strict" : false
				},
				{
					"name" : "RRdata[7]",
					"strict" : false
				},
				{
					"name" : "ZRdata",
					"strict" : false
				},
				{
					"name" : "MOP[0]",
					"strict" : false
				},
				{
					"name" : "MOP[1]",
					"strict" : false
				},
				{
					"name" : "MOP[2]",
					"strict" : false
				},
				{
					"name" : "MOP[3]",
					"strict" : false
				},
				{
					"name" : "MOP[4]",
					"strict" : false
				},
				{
					"name" : "MOP[5]",
					"strict" : false
				},
				{
					"name" : "MOP[6]",
					"strict" : false
				},
				{
					"name" : "MOP[7]",
					"strict" : false
				},
				{
					"name" : "MOP[8]",
					"strict" : false
				},
				{
					"name" : "MOP[9]",
					"strict" : false
				},
				{
					"name" : "MOP[10]",
					"strict" : false
				},
				{
					"name" : "MOP[11]",
					"strict" : false
				},
				{
					"name" : "MOP[12]",
					"strict" : false
				},
				{
					"name" : "MOP[13]",
					"strict" : false
				},
				{
					"name" : "MOP[14]",
					"strict" : false
				},
				{
					"name" : "MOP[15]",
					"strict" : false
				},
				{
					"name" : "MOP[16]",
					"strict" : false
				},
				{
					"name" : "MOP[17]",
					"strict" : false
				},
				{
					"name" : "MOP[18]",
					"strict" : false
				},
				{
					"name" : "MOP[19]",
					"strict" : false
				},
				{
					"name" : "MOP[20]",
					"strict" : false
				},
				{
					"name" : "MOP[21]",
					"strict" : false
				},
				{
					"name" : "MOP[23]",
					"strict" : false
				},
				{
					"name" : "MOP[24]",
					"strict" : false
				},
				{
					"name" : "MOP[25]",
					"strict" : false
				},
				{
					"name" : "MOP[26]",
					"strict" : false
				},
				{
					"name" : "addressBus[0]",
					"strict" : false
				},
				{
					"name" : "addressBus[1]",
					"strict" : false
				},
				{
					"name" : "addressBus[2]",
					"strict" : false
				},
				{
					"name" : "addressBus[3]",
					"strict" : false
				},
				{
					"name" : "addressBus[4]",
					"strict" : false
				},
				{
					"name" : "addressBus[5]",
					"strict" : false
				},
				{
					"name" : "addressBus[6]",
					"strict" : false
				},
				{
					"name" : "addressBus[7]",
					"strict" : false
				},
				{
					"name" : "addressBus[8]",
					"strict" : false
				},
				{
					"name" : "addressBus[9]",
					"strict" : false
				},
				{
					"name" : "addressBus[10]",
					"strict" : false
				},
				{
					"name" : "addressBus[11]",
					"strict" : false
				},
				{
					"name" : "addressBus[12]",
					"strict" : false
				},
				{
					"name" : "addressBus[13]",
					"strict" : false
				},
				{
					"name" : "addressBus[14]",
					"strict" : false
				},
				{
					"name" : "addressBus[15]",
					"strict" : false
				},
				{
					"name" : "cpu_data_bus[0]",
					"strict" : false
				},
				{
					"name" : "cpu_data_bus[1]",
					"strict" : false
				},
				{
					"name" : "cpu_data_bus[2]",
					"strict" : false
				},
				{
					"name" : "cpu_data_bus[3]",
					"strict" : false
				},
				{
					"name" : "cpu_data_bus[4]",
					"strict" : false
				},
				{
					"name" : "cpu_data_bus[5]",
					"strict" : false
				},
				{
					"name" : "cpu_data_bus[6]",
					"strict" : false
				},
				{
					"name" : "cpu_data_bus[7]",
					"strict" : false
				},
				{
					"name" : "clock",
					"strict" : false
				},
				{
					"name" : "reset",
					"strict" : false
				}
			]
		}
	]
}