{
	"partitions" : [
		{
			"name" : "Top",
			"pins" : [
				{
					"name" : "dout[0]",
					"strict" : false
				},
				{
					"name" : "dout[1]",
					"strict" : false
				},
				{
					"name" : "dout[2]",
					"strict" : false
				},
				{
					"name" : "dout[3]",
					"strict" : false
				},
				{
					"name" : "dout[4]",
					"strict" : false
				},
				{
					"name" : "dout[5]",
					"strict" : false
				},
				{
					"name" : "dout[6]",
					"strict" : false
				},
				{
					"name" : "dout[7]",
					"strict" : false
				},
				{
					"name" : "alus[7]",
					"strict" : false
				},
				{
					"name" : "alus[1]",
					"strict" : false
				},
				{
					"name" : "ac[0]",
					"strict" : false
				},
				{
					"name" : "alus[3]",
					"strict" : false
				},
				{
					"name" : "db[0]",
					"strict" : false
				},
				{
					"name" : "alus[2]",
					"strict" : false
				},
				{
					"name" : "alus[4]",
					"strict" : false
				},
				{
					"name" : "alus[5]",
					"strict" : false
				},
				{
					"name" : "ac[1]",
					"strict" : false
				},
				{
					"name" : "db[1]",
					"strict" : false
				},
				{
					"name" : "db[2]",
					"strict" : false
				},
				{
					"name" : "ac[2]",
					"strict" : false
				},
				{
					"name" : "db[3]",
					"strict" : false
				},
				{
					"name" : "ac[3]",
					"strict" : false
				},
				{
					"name" : "db[4]",
					"strict" : false
				},
				{
					"name" : "ac[4]",
					"strict" : false
				},
				{
					"name" : "db[5]",
					"strict" : false
				},
				{
					"name" : "ac[5]",
					"strict" : false
				},
				{
					"name" : "db[6]",
					"strict" : false
				},
				{
					"name" : "ac[6]",
					"strict" : false
				},
				{
					"name" : "ac[7]",
					"strict" : false
				},
				{
					"name" : "db[7]",
					"strict" : false
				}
			]
		}
	]
}